Education,Experience,Location,Job_Title,Age,Gender,Salary
1,8,2,3,63,1,84620.05366451902
3,11,1,1,59,1,142591.2558943053
0,28,1,3,61,0,97800.25540414132
1,29,0,1,45,1,96834.67128150172
3,25,2,0,26,0,132157.78617465615
3,19,0,1,27,0,156312.9362084037
3,4,0,1,60,0,130567.64945544896
3,13,1,1,49,0,148707.74075900653
0,20,2,2,25,0,95945.27542859328
3,14,2,0,58,0,133339.3896823029
0,23,0,3,23,0,101164.09236529446
2,1,2,1,27,0,124251.98714687066
1,11,2,3,63,1,55066.114352582896
3,4,0,3,43,1,124972.50876977788
2,7,1,1,44,0,126139.13670110232
1,28,1,2,49,1,81007.19945085408
1,4,1,0,37,1,60693.924713925415
1,26,0,1,63,1,103386.0702899282
2,7,2,1,53,0,140042.13891849504
0,20,0,0,34,1,86048.11608072282
2,3,0,2,62,0,73861.99295330019
3,19,1,0,62,1,106145.00551210355
3,19,2,1,36,0,142981.59047925484
2,7,1,0,21,0,96620.92938815863
1,21,2,3,62,0,89426.94711719434
0,12,2,3,20,1,104762.39852019974
0,23,1,3,35,0,101747.54077442826
0,1,1,2,36,1,68635.08828494251
0,5,0,3,28,1,90550.47942410434
1,14,2,0,61,0,75559.24411372501
0,10,2,2,40,0,87433.49864519518
1,3,2,0,63,0,57615.23341761047
3,2,2,2,45,1,126043.14343328992
1,13,2,0,20,1,73043.43575162995
3,16,0,1,59,1,134560.1930040126
0,23,2,2,22,0,95804.2614408205
2,2,0,1,26,0,99694.53954354613
3,24,1,1,23,0,153930.9338516317
3,13,0,1,50,1,151123.33589341832
1,6,0,1,33,0,81462.71866943766
2,7,0,1,40,1,106019.0203963744
3,2,1,1,31,0,142122.66726825983
1,11,2,0,31,1,66858.43105342452
0,7,0,3,25,0,82060.7329291408
3,7,1,2,36,0,107935.40344896368
0,7,0,0,33,1,70251.76628382233
3,7,0,0,28,0,118799.44006115956
3,12,1,0,47,0,100369.02351603874
2,19,0,0,26,1,100038.7680224855
3,22,0,3,64,1,164542.83698804962
1,19,2,3,62,1,95726.36718568094
0,19,1,2,24,1,96598.32495003476
0,20,0,2,60,0,82628.14830429087
0,3,1,0,61,0,66216.7016212603
3,13,1,2,35,0,127167.11604300037
1,10,2,1,20,0,106028.63629377136
3,20,2,0,59,1,139655.8919089493
2,9,2,2,57,1,100278.41602229176
1,6,0,2,26,0,67767.86962383863
3,21,0,1,49,1,148074.0579284191
3,22,0,0,45,0,143973.4648101395
2,12,0,3,32,0,106333.96975362297
3,2,0,0,20,0,96967.34243096111
2,12,0,3,48,0,113746.2957781357
3,16,1,2,27,0,140823.26983800298
1,13,1,3,21,0,88374.4479673091
2,16,2,0,64,0,112591.91766668812
1,13,0,2,27,1,53119.03312031389
1,22,1,3,60,0,81946.59278102114
1,25,2,3,46,0,74817.18131645783
0,19,2,0,60,1,84868.7846243118
0,26,2,2,42,1,104215.43185102736
2,14,2,2,34,1,117890.0214065348
1,29,1,3,51,1,90605.4567853522
1,13,1,3,41,0,77430.20945022261
0,10,1,3,27,1,91038.14555250182
3,22,2,1,56,1,169510.2530418977
1,7,2,2,36,1,58008.87061573461
0,5,0,3,26,0,93375.47914146326
2,17,0,3,62,0,136608.8081251391
2,9,2,2,40,0,113727.8965602193
3,27,1,1,58,1,156729.08389775958
1,6,2,2,24,0,60637.29855913215
0,16,0,1,36,0,118098.37222184098
0,6,0,0,54,1,59734.10574128003
3,6,1,2,34,1,111461.95579727436
0,28,2,2,59,1,96355.51546129536
0,18,0,0,35,1,70214.86159479314
3,1,1,2,44,1,105551.83680620143
2,17,0,0,34,1,109899.04941785493
3,17,1,1,30,1,163022.82564588025
3,1,0,2,24,1,104029.26927639818
2,11,0,0,40,0,98073.3404604569
2,13,2,3,61,0,130591.56675108234
3,1,1,1,60,1,137005.64203097162
1,27,1,1,31,1,92450.57242382762
2,8,0,3,49,0,93295.9826486192
3,23,2,3,23,1,163104.2755312551
0,20,0,0,64,1,89961.7941228838
1,6,0,3,46,1,71769.55893398654
0,5,0,2,47,1,63923.5309909897
2,20,1,0,22,0,112349.77192889052
1,5,2,1,22,1,91289.9958745682
3,6,0,2,43,0,119140.33843647146
1,29,0,2,48,1,71549.7678319231
2,13,0,1,38,0,133122.60510065337
1,27,1,2,21,0,66723.68051821226
3,18,0,1,24,1,157287.4192480694
3,20,1,1,56,0,165810.55944087074
1,13,1,1,37,0,103723.30317535224
3,7,1,1,44,0,138575.07809749557
1,8,1,0,45,0,48005.6998343848
1,21,1,2,63,0,83938.8036230838
1,17,2,3,32,1,80007.84720913025
1,1,1,0,54,1,51439.95511443989
2,24,1,3,41,0,125825.37782839929
3,16,0,0,29,0,111979.28028586916
1,11,2,2,56,0,74209.99466184892
3,29,2,1,63,1,155079.84083441965
2,4,0,3,61,1,109922.0568164404
3,4,1,0,26,1,104330.68911543266
3,17,2,2,37,0,119682.68653532074
0,17,1,2,51,0,91498.92541209709
0,10,0,0,64,1,79316.33852811223
0,21,2,1,26,1,126769.34597053225
1,21,1,0,36,0,79183.53730827161
0,6,2,0,50,1,57463.59600309587
0,25,2,0,48,1,89948.55569043328
0,25,1,1,31,1,121066.52294503032
3,17,1,3,52,0,157190.03279936145
1,18,2,0,58,1,80837.44493674728
3,22,0,2,45,1,151013.40051848112
0,26,2,3,58,0,110750.60577086
2,10,0,2,49,1,102744.16995282008
1,13,2,2,22,0,62000.29192430693
0,16,1,0,39,0,81956.47780376
2,7,0,3,32,0,99647.04281717028
1,15,0,0,38,0,53660.11340683279
2,2,2,2,20,1,98065.50878814336
1,5,2,0,61,1,60027.17539890681
0,17,0,1,42,1,107222.12664516484
3,5,1,1,37,0,145434.53439582724
2,8,0,0,62,1,94399.8846738686
2,24,0,0,24,0,105559.54371150376
0,28,1,0,24,1,92774.21458468054
1,15,1,0,38,0,61928.68279841316
3,8,2,0,25,0,118509.62858553034
0,23,2,1,34,0,127909.7105518198
0,3,2,3,30,1,101655.25190671264
3,23,1,0,49,0,145740.44537947085
1,17,0,3,39,0,69022.97240059583
2,28,1,0,54,1,122693.7222533875
2,16,2,3,23,0,112053.20358407324
3,16,0,1,28,0,149731.74718252578
2,19,2,2,46,1,129826.72282091064
3,12,0,3,38,0,130504.10498333003
3,24,1,1,24,1,169726.36047258874
3,15,2,3,27,0,133614.32129684524
2,8,1,1,62,1,114113.54716908364
0,27,1,2,49,0,100641.90157356314
2,3,1,1,55,1,128222.10354585823
2,23,0,0,35,0,103825.70543658012
3,18,1,0,23,0,123464.46899091224
2,4,1,3,23,0,99083.7164162198
3,8,0,0,26,1,115028.8104444262
3,14,1,0,22,0,136466.95140894435
2,28,1,2,57,1,130006.80109093692
2,17,1,0,44,1,113966.50654336264
3,6,0,0,55,1,108930.25525076337
1,5,0,3,23,0,59366.90640736085
0,22,2,0,27,0,103772.45916416372
2,14,1,0,47,0,103680.8892436586
3,6,0,1,22,1,134263.9176428062
2,20,1,1,27,0,143982.40622403615
0,12,0,3,30,1,90022.1254832727
2,9,0,3,25,1,100622.23740614792
0,1,0,3,60,0,90091.88495330968
1,18,2,0,42,1,73807.19890433867
2,6,1,0,63,1,85629.70656151309
2,29,0,0,21,1,102870.94105128384
3,5,1,0,26,0,115954.11875826868
1,2,0,0,48,1,70374.09661478276
3,6,1,0,25,0,112071.79396453792
2,17,1,1,60,1,128637.2614091442
3,7,0,3,30,1,142237.71197617054
1,25,1,3,27,0,89427.18800209484
1,9,2,0,49,1,49515.33136752012
2,23,2,2,56,1,107272.03547451828
1,20,1,1,38,0,107266.6397378748
2,5,1,3,22,0,116663.54542250188
3,21,0,1,61,1,159261.25708431192
2,11,0,0,49,1,95422.43441621288
2,11,1,1,52,1,118732.87974017202
3,28,1,3,45,1,150828.36884275833
1,4,1,1,56,1,80360.31217374376
1,23,1,1,39,1,89616.88844301298
1,29,2,2,52,0,94614.49909551127
0,6,1,1,47,1,88404.03831200278
2,27,0,3,46,0,123672.41235424776
1,10,2,3,48,0,77959.92127523497
0,9,1,3,43,1,87089.80186824632
2,29,0,3,38,0,106944.94644980178
3,18,2,0,25,1,137478.69664111253
2,20,1,2,21,0,107442.49239559734
2,9,1,0,41,1,112257.07959324372
3,28,1,3,54,1,149580.17722315947
0,11,1,1,21,0,100586.4041156878
1,2,2,3,49,0,72915.21946778877
1,15,0,3,54,1,85534.39748630449
1,6,1,2,34,0,55365.9233688183
3,25,2,2,62,1,155147.37694829778
3,17,2,1,50,1,171403.03641017622
1,4,0,0,29,0,58903.22810655946
2,8,2,3,47,0,134264.31490992257
2,29,2,2,27,1,141926.4602101247
1,2,0,1,32,1,87148.82293893005
1,24,2,3,49,1,110043.26319415642
3,9,2,0,56,1,126080.69529629964
1,1,0,0,58,1,41707.761004278014
0,24,2,2,48,1,81377.56364756194
2,6,0,0,41,1,77772.66880478204
1,16,1,1,43,0,86517.17200841205
1,27,1,2,57,1,78182.64912759434
3,26,1,3,40,1,149472.05536597915
0,26,1,2,33,1,90992.3950975125
3,7,2,1,60,1,131042.22388558686
1,25,1,1,61,0,98697.76833533274
2,24,0,0,21,1,107105.8207118821
0,16,0,3,28,0,87924.45958450134
0,6,0,1,59,0,88578.47838349616
0,10,0,0,64,0,65598.43408127593
3,18,1,3,29,0,139034.76260983682
1,17,0,3,37,0,68436.97173004749
1,17,1,1,45,0,104598.75331517016
1,12,0,3,43,0,74409.96732045121
0,15,0,3,60,0,85276.82081973483
0,6,1,0,30,0,73195.52218532546
2,23,1,2,46,1,106197.1439364881
0,20,2,3,33,1,120121.68295174788
1,16,2,0,51,0,84841.8672458082
1,23,2,0,41,0,90520.01982753033
0,14,0,0,53,0,67553.07368757403
2,12,0,1,21,1,121087.32980273824
0,12,0,1,52,1,97984.29324487085
0,2,2,2,63,0,87620.13105914182
3,8,2,1,26,0,137920.901967161
0,24,2,0,54,1,92241.08305998985
1,27,0,0,50,0,67867.82971648192
1,17,1,2,46,1,73532.88469132425
1,8,2,0,58,1,69941.28708137886
3,16,1,1,56,0,147712.72307263393
3,23,0,0,37,1,134639.6507552622
0,1,2,2,32,1,89220.76356797137
2,5,0,2,59,1,92867.8476312818
0,19,1,2,45,1,81543.41867134403
3,24,0,3,20,0,132288.0966456586
0,22,0,1,58,1,117917.26975151568
3,3,2,2,50,0,118237.75563685333
1,9,1,3,61,1,56873.70677317545
1,11,2,1,56,0,97129.52368183
3,6,0,3,58,1,127295.5452054622
0,7,0,1,48,1,82940.32918857371
2,7,1,1,62,1,133794.19981202646
1,5,0,1,43,0,83366.3598715775
2,2,2,2,35,0,103387.4525129018
3,22,1,1,58,1,144256.80632265584
3,28,0,3,58,0,133976.69467114715
2,5,2,0,42,1,96929.31513158564
3,6,2,0,27,1,103860.8461044971
0,6,1,1,57,1,105050.80273184486
0,7,0,2,22,1,62891.76686619663
0,4,2,1,33,0,105649.12729254698
3,25,1,3,40,1,147118.68547273273
2,18,2,0,49,0,120117.85268097043
1,16,0,3,52,1,66620.52404738512
1,21,2,3,39,1,93737.29449524725
0,19,0,0,64,0,70051.59807165357
1,10,2,2,64,0,77955.49551769407
3,24,0,3,42,0,142850.38233722505
2,5,2,0,42,1,104958.5066896543
3,18,2,2,64,1,124794.74653171968
3,25,1,3,57,1,154990.84275671767
2,3,0,3,54,0,106062.03396303709
1,20,2,3,58,1,93636.97892713363
2,4,1,3,41,0,112126.33963013986
3,14,2,1,48,1,152065.3611720965
2,12,1,2,54,0,119412.99220315993
2,14,2,3,21,1,122441.02014234295
0,5,1,0,37,1,67608.30799609171
0,18,0,1,54,0,107412.73806631062
3,27,2,0,63,1,132494.82054555468
3,7,0,0,33,1,107360.03576669157
1,16,0,2,37,0,64227.533838106014
3,3,1,0,51,1,109204.4587935414
1,22,0,1,41,0,93993.97072805486
1,21,1,3,54,0,105457.61391306328
2,11,1,3,21,1,121709.4983984612
2,27,1,0,25,1,127723.00647288092
3,26,1,2,58,0,135962.90562631763
0,18,1,2,51,0,87129.83711494852
0,6,2,3,48,1,92218.2195310701
1,26,2,3,58,1,104528.89097268877
3,21,0,0,24,1,104518.81521769102
1,22,2,2,57,0,71668.35224708632
2,24,1,0,27,0,115023.3584683422
3,5,1,3,23,0,127759.07632937071
3,5,2,3,41,1,154677.29682143047
0,16,0,0,41,0,85476.83215742656
3,3,0,2,46,1,106378.0855646952
0,12,2,3,22,1,86223.92931460653
3,3,1,3,48,1,124594.39965062136
2,2,1,2,52,1,83967.79917321586
1,15,0,3,57,0,79667.50650418435
0,20,2,2,53,1,101611.06322241678
0,17,1,2,55,0,95200.31932092732
3,12,0,3,52,0,152791.76664795037
3,2,0,0,59,1,97925.34018579702
3,26,2,3,37,0,154075.95792204092
0,2,0,3,29,0,69874.84255511091
0,14,1,3,55,1,98194.01483849874
0,7,0,1,64,0,112932.73615950027
3,26,0,3,42,1,151687.22399120472
3,25,0,0,25,1,128855.129544108
2,14,2,0,42,1,111516.30248819893
2,7,1,0,29,0,84891.4436205641
2,20,0,2,21,1,106062.66288305612
1,17,2,1,63,0,97852.52574570388
3,24,0,1,25,0,154994.21986708543
3,27,1,0,62,0,121693.83755601384
0,4,0,1,24,0,97276.2317923478
2,27,2,2,27,1,129791.9649251421
3,15,0,3,39,1,131229.4879372722
0,27,0,0,58,0,92041.749990825
3,3,0,1,33,0,118165.08446631998
3,6,2,0,31,1,106202.04384675653
0,26,0,0,43,0,92346.87262338235
0,8,0,0,58,1,66322.76809083836
0,16,2,0,31,1,90884.44479775698
1,15,2,3,60,0,93394.90672317604
2,4,1,0,51,0,92260.70069694844
2,21,2,1,23,1,112893.31945170804
1,8,0,1,22,1,76493.46361979107
0,23,0,2,27,0,88189.55978005964
0,8,2,2,22,1,85653.0564567708
1,20,1,1,45,0,103997.30812571551
3,7,2,0,25,1,106214.69814058888
1,26,1,1,36,1,103439.56623907984
1,20,2,2,28,0,95703.03911911232
3,24,1,0,37,1,127740.56885031542
2,18,1,1,48,0,137723.27886185737
0,12,0,3,34,1,101663.05778970802
2,4,1,1,26,0,121102.31439102096
0,14,0,2,33,0,77149.03019668574
2,27,2,1,48,0,139904.78989292
1,24,2,0,23,0,86438.00153765982
2,25,2,1,64,1,150921.49090781735
1,28,2,2,58,1,80135.31584928774
0,29,2,1,24,1,117235.26845638917
0,25,0,0,20,1,77191.93285851003
0,5,2,1,31,1,121616.51861184771
1,22,1,2,58,1,76320.54879609501
3,20,0,3,26,1,163602.28585653414
1,23,1,1,40,1,103555.45603070543
3,26,0,1,26,1,160395.223228338
1,7,1,2,36,1,65062.72488305184
1,12,0,2,20,1,71991.49850197365
1,15,2,1,23,1,85339.3681495593
1,19,0,2,25,1,90600.13108370735
0,26,0,2,59,1,94996.98297388168
3,13,1,0,36,1,115965.9990780719
3,4,0,1,45,0,137025.6100228842
1,6,0,1,50,1,86923.38876030798
3,8,2,3,47,1,127924.45124217024
2,15,1,3,31,0,125668.69372441072
2,12,0,2,60,1,94835.55842413523
0,10,1,2,20,1,79937.26466825511
0,12,0,1,53,1,97105.1758124497
0,17,0,3,45,0,104635.4146648592
2,29,1,1,34,1,132909.27268205624
0,28,2,1,54,1,129926.16110034611
0,8,0,1,60,1,94565.82135917408
1,28,0,3,63,0,79527.8982204147
0,2,0,1,58,0,79864.7639724552
2,19,1,3,39,1,111971.11675483995
0,22,2,3,62,1,95662.03982347203
0,29,0,2,54,1,107961.67193749268
1,1,0,1,58,0,68583.46837368779
1,22,0,3,41,1,83586.51930066243
0,25,1,2,40,0,111781.89364481598
0,10,1,2,46,0,72798.82843068447
2,9,1,3,55,1,104584.54324684283
3,19,1,0,47,1,131547.15536693783
3,12,2,2,23,0,113759.20447919633
0,29,1,3,45,1,108212.91487003132
3,22,1,2,27,1,127751.06926899531
3,20,0,0,24,1,128295.22442169535
3,18,1,1,24,1,148741.8413363613
2,24,2,3,29,1,154081.49279376958
2,16,2,1,24,0,145378.91372069393
0,4,0,2,53,0,65467.61515724689
2,11,2,0,30,0,102126.8656254315
3,25,1,0,43,0,131524.15487084555
2,22,1,2,52,1,150065.74349110562
1,29,2,3,33,0,83898.00356021858
3,27,2,3,41,1,159035.39700404613
3,22,1,2,48,1,116155.67864638472
0,15,0,0,43,0,79930.62558794077
0,16,1,1,25,0,130098.90561909012
0,2,0,0,22,0,62915.44568325892
2,13,0,0,20,0,109045.54421472047
0,12,2,0,29,0,86338.84774046796
0,26,0,2,27,1,91775.01283174564
0,8,1,1,49,0,100483.43641053604
2,12,1,0,41,1,96130.97354819998
1,27,2,2,36,1,80739.41728110176
3,14,0,3,34,1,120698.05587675504
0,3,1,3,39,0,103068.00728949445
1,2,0,0,57,1,43069.23604206557
3,17,1,0,46,1,129937.74310765752
0,2,1,1,32,0,88234.68148560214
0,17,1,0,35,1,98169.9055941535
2,2,1,3,39,0,104264.4422209217
1,2,2,2,38,1,61089.67332142195
2,13,2,2,62,0,94710.23364704054
3,7,0,1,22,0,140959.76211139612
1,9,0,2,36,0,77115.05704820246
2,9,2,1,31,1,120309.22414000088
1,14,1,0,55,1,59417.70846297518
2,11,0,2,29,0,89616.76041784984
1,20,0,1,29,0,91291.62174240376
1,19,2,1,50,1,99640.24197906828
3,1,0,0,42,0,113050.81101494467
3,24,2,3,62,0,159514.7354680092
3,5,1,2,40,1,111874.839538144
1,23,0,0,61,1,70249.48049064373
1,1,1,2,39,1,52716.98893277528
3,6,1,3,24,1,120089.67022623286
0,16,2,2,35,1,94731.44127037386
3,20,1,1,53,0,193016.60214967115
2,16,2,2,20,0,139151.70634005946
3,20,2,1,35,0,161398.26597767652
1,26,0,3,33,0,103388.57208010757
3,13,1,1,29,0,147546.16635853727
1,14,2,0,62,0,68468.6166055852
3,11,0,1,30,0,121504.28212370236
3,21,2,1,59,0,151398.94434055715
0,10,1,0,54,0,72165.00736013523
2,17,1,1,59,1,133075.1903166543
0,7,0,1,64,0,97139.84534859276
1,22,0,0,64,0,61210.57648608133
1,4,0,1,62,1,68111.86800466156
3,17,0,1,21,0,145338.46864392047
1,1,0,2,28,0,37185.88349317717
3,2,1,2,20,1,110873.6143963144
1,19,0,1,31,1,85187.10130191705
1,1,0,0,46,1,33510.51066927126
0,12,0,0,50,1,73697.62106735456
1,28,0,2,63,1,69651.92836465492
2,19,1,0,62,1,121353.82392009476
2,19,1,0,39,0,106561.96202860876
2,26,2,2,41,0,124104.54331743425
1,23,0,3,21,0,87280.28107021368
1,16,0,2,38,0,71569.68316840629
2,16,1,0,48,0,88637.58195699849
1,29,1,1,31,0,100232.15890892466
2,8,1,0,59,1,88909.6767374791
3,28,0,1,29,0,156548.29755806783
2,25,2,1,44,1,139636.67478801086
3,26,2,1,24,1,167570.6946285781
3,27,1,3,46,0,142195.40754437845
1,25,1,3,63,1,84322.32758479813
0,13,1,2,41,1,82088.40331077647
0,14,1,3,34,1,109825.91370470892
0,19,2,1,49,0,122680.03659280542
1,15,2,0,21,0,73688.88707585666
1,15,1,0,34,1,62136.81719189974
3,21,2,1,20,0,157152.82147906447
3,8,1,0,35,0,123610.02888497636
0,24,2,0,53,1,106774.33933793784
3,13,0,3,52,0,133151.46785628842
1,12,0,1,57,1,93416.47945476102
3,22,2,0,25,0,149741.55027515185
1,28,1,0,50,0,61353.01960611086
0,13,2,0,61,1,92303.7888478305
2,16,1,1,29,1,130573.98071508964
2,24,1,1,27,1,142882.8881396824
1,12,1,2,50,0,78159.76528026743
2,14,1,2,41,1,99794.6183690856
0,15,2,0,50,0,73797.25897577438
3,19,2,3,61,0,160061.91472851046
3,5,0,3,28,0,115015.15355069588
3,29,1,1,21,0,157137.80486078965
0,2,0,1,41,1,94046.2089341965
2,18,2,2,28,1,111138.98178838645
0,18,2,2,20,1,82077.89371684402
2,24,1,1,47,1,139341.89767415726
3,26,2,3,45,0,148185.1534103814
2,17,1,2,49,1,117978.59877870268
0,10,0,2,27,1,74939.23443921345
2,27,1,0,46,0,110115.53861279202
3,17,2,3,51,1,144899.99460889792
3,3,2,0,34,1,128521.5347683867
1,16,2,2,39,1,85079.04081637684
1,18,0,2,28,0,57067.7381754028
2,21,1,2,59,1,143997.07649086916
0,7,0,2,49,1,73742.23675414972
3,1,2,1,43,1,129475.842710405
0,7,1,3,33,0,100882.31990048778
2,13,0,3,60,0,109383.27542645649
2,23,1,3,21,1,149537.1950783965
0,16,2,3,45,1,114474.08355481534
1,11,0,0,44,0,54012.80153691232
2,3,1,0,50,1,108753.06877732204
3,9,1,0,61,1,127491.15211470446
1,7,2,2,36,0,54711.0480306511
2,23,2,1,31,1,151883.94109572403
1,22,2,3,59,1,86835.1255805155
3,3,0,1,27,1,132166.73714753325
2,22,0,3,58,1,123310.5444921746
0,1,1,3,41,0,77209.03987733739
2,11,1,0,44,1,87666.57721109298
0,13,0,2,57,1,86677.84010920297
1,4,1,2,63,0,45117.665013301375
0,10,0,1,56,1,74247.97373230735
0,26,1,2,52,0,92638.9439562857
2,8,0,0,29,1,96310.92421488398
2,28,1,3,60,1,130301.18866430037
3,28,1,1,36,1,175671.30940620071
1,17,0,0,55,0,63837.53495431689
0,11,2,3,23,1,93336.9034805292
1,5,0,2,59,0,50604.16449520506
3,18,0,1,57,1,133634.5864073082
1,4,2,1,23,1,94857.97224705933
1,6,1,3,60,1,57188.99913917042
2,24,2,2,55,0,114795.9236788073
1,7,2,1,21,1,85397.13779571372
3,28,2,2,23,0,148023.53264490823
0,12,1,2,31,1,71973.49636490211
1,3,0,3,23,0,53944.64204780505
3,29,2,0,32,1,146650.40602239317
2,8,1,2,52,1,114297.23358996994
0,20,1,1,59,0,118490.03562090176
3,21,0,1,20,1,150741.90238409146
1,10,0,1,43,0,64375.91266129869
0,24,2,1,27,1,117826.5765344791
2,1,1,3,21,1,111214.94241311056
1,17,0,2,54,0,77809.46669854887
1,18,2,3,33,0,96893.75908155256
1,9,1,0,50,1,60380.71644445607
2,20,1,2,41,0,127046.00466649178
0,22,0,2,37,1,120814.60713163964
3,27,1,2,43,0,136061.38084617312
1,16,1,0,55,1,58368.84204654964
1,17,0,3,53,1,92184.82925779722
1,18,1,2,26,1,75354.64525385419
1,11,1,2,44,0,67123.0768842727
0,18,2,1,54,0,121923.74327659124
3,4,1,0,60,0,107455.1349481504
2,8,0,1,58,0,107652.04715249412
2,10,1,1,29,0,117228.52490451687
0,4,0,3,44,1,96459.46256831016
1,8,0,1,49,0,63633.59335315418
0,17,1,0,25,0,91986.54645648548
0,3,0,0,45,0,62423.1253997449
0,5,2,2,24,0,81466.33111284656
3,27,0,3,58,0,154429.50976608333
3,5,2,2,20,0,133439.88913357895
0,7,0,1,34,0,100429.76537866936
0,1,1,2,29,0,57268.803376339936
3,18,0,0,56,0,138709.6470867579
0,24,0,0,48,0,102101.9651719956
3,23,0,1,35,0,153914.36833191148
3,22,2,2,22,1,142102.5781695941
2,6,2,0,56,1,119014.49208620156
2,24,2,0,27,0,128472.24271293728
3,28,2,3,37,0,157707.05596425082
0,20,2,2,51,1,97076.61324148857
0,15,1,2,63,0,88064.62888988973
0,28,0,3,61,0,119772.32054397164
2,23,0,0,35,1,118399.91784706688
1,9,1,3,48,1,57865.76988501196
3,25,1,3,62,1,154646.42398866065
1,29,1,3,51,0,102641.21331377608
1,3,1,0,42,0,37935.36834028282
0,27,2,1,43,1,126970.35248561678
1,18,0,1,24,0,70229.56393623482
0,29,1,1,20,0,125294.92835941388
1,16,1,3,37,0,60167.65498087052
3,17,0,1,26,0,140182.54476292082
2,9,1,2,24,0,97889.34085504863
2,28,2,1,31,1,140911.50179857394
0,24,2,0,52,1,113515.28016974566
1,13,2,3,36,1,88355.10569739103
1,8,1,3,22,1,69004.311396766
1,13,0,1,30,1,73669.22159105899
1,1,1,3,59,1,63612.23683154768
1,21,0,3,58,1,70708.87031700685
3,12,2,3,59,1,151730.80004149664
2,12,2,3,20,1,141967.66001547786
0,9,0,2,29,0,89531.99898082111
1,1,1,0,31,1,54316.90345545149
2,21,1,2,64,0,114343.71216706854
3,14,1,1,37,0,144948.93710538538
3,29,2,1,56,1,186452.84572687597
3,14,1,3,61,1,133240.64392478464
3,6,0,3,25,1,141610.9855689575
1,16,1,1,61,1,79684.60757979851
2,8,1,3,58,0,110037.68345601793
0,19,0,2,56,1,71859.43407279214
1,5,0,3,24,0,66592.3420122828
3,15,2,2,31,1,122362.72378123792
3,13,2,0,59,1,144650.49406790442
3,26,1,2,49,0,145122.7227166107
3,24,1,1,63,1,164373.96746876818
1,6,2,1,31,0,88826.7844916477
2,17,1,1,62,0,121074.59185608862
0,5,1,2,52,0,81241.18287733827
2,10,0,0,21,0,113370.80687867744
2,5,1,1,64,0,120085.54926006313
0,17,0,3,54,0,86829.83798375187
3,19,2,2,62,0,120476.57343304963
3,6,1,0,62,0,108866.73009607923
1,22,0,2,64,1,54377.71102459122
1,15,0,2,30,0,73305.17369042597
2,4,0,0,62,0,96811.67266182243
0,17,0,2,60,1,78243.1817277945
0,1,1,1,59,0,102139.81308469428
1,18,2,0,35,0,67235.45347043018
3,26,0,2,46,0,135543.85717225142
1,10,2,3,61,0,83719.55551564979
2,19,0,0,60,0,99560.39990960508
1,2,0,3,64,1,66182.03348653117
3,17,0,2,36,0,110142.71949532448
0,18,2,3,63,1,109174.7498798797
2,13,2,0,48,0,107650.47977612264
3,7,2,2,20,1,106536.0686375189
2,29,1,0,64,0,100903.09807268513
0,20,2,2,22,1,81404.76394373074
1,5,1,1,42,1,84143.06833923951
1,4,1,1,44,1,80239.5962687166
0,7,2,1,64,0,109739.5757717404
1,5,0,3,39,1,51736.21507491839
1,19,0,3,50,1,90389.73810666264
2,20,1,1,33,1,144828.4121981739
1,7,0,0,27,0,44330.36964976672
1,13,0,0,39,1,69760.60276453797
0,4,1,2,55,1,76490.7760321884
3,15,2,0,49,0,112237.94975989968
0,20,1,0,40,1,73673.05233849108
0,29,2,3,28,0,126337.23487855004
0,25,2,0,30,0,98959.5118933102
0,18,1,0,61,0,96812.24946453932
3,4,0,2,54,1,113116.26875267588
0,28,2,1,31,0,130676.7089336078
2,4,1,1,28,1,140235.26422980177
1,2,1,3,41,0,80968.49087631401
2,22,1,3,24,1,122671.7273138959
1,20,2,2,27,0,83749.68724703127
3,23,0,3,41,1,147944.4544306179
3,28,0,2,42,1,145613.91167496107
0,5,1,1,26,0,100710.0880518803
3,25,2,1,39,1,160064.68149504965
1,22,0,2,63,1,71963.77182763499
3,8,1,1,26,1,138197.12890521623
2,11,0,0,52,0,112833.67281239793
1,11,0,0,57,0,68407.26238835322
3,18,2,1,42,0,155963.8498112061
3,27,1,2,61,1,146282.9226069381
3,25,0,0,41,0,128345.40735764313
1,19,0,0,31,0,75932.41135968213
0,17,2,1,63,0,127488.80516417992
3,1,2,3,23,0,136686.10832710887
3,5,0,3,52,0,133712.64269614525
2,3,2,1,49,1,129605.7080804158
0,28,2,1,41,0,139740.61853808298
3,14,1,0,37,0,129311.31373329196
3,2,1,2,25,1,118519.00529114524
0,28,0,2,47,0,92227.74376400762
0,3,0,0,21,1,52282.49262506818
1,3,0,0,53,1,47721.51619493288
1,20,2,2,60,0,72589.44466595871
3,21,1,3,63,0,146600.09066957125
2,27,0,3,59,1,138404.8842418709
1,13,1,2,63,1,69728.24675440353
1,8,2,1,57,0,83849.98328890376
3,22,1,1,50,1,148468.7137513836
2,14,2,0,38,1,94698.64792576068
0,18,0,3,35,1,111328.05335357488
2,27,2,1,60,1,129233.0898107075
3,20,2,1,49,1,150652.1697376894
2,13,2,1,24,1,109867.98066302932
3,18,2,2,62,1,134838.58424250284
3,1,0,0,40,1,102577.15440239418
1,2,1,0,36,1,47957.05579370506
3,5,0,3,41,0,124368.70100023596
2,11,0,1,22,0,112787.3492558224
2,11,2,0,40,1,96863.44359511268
1,1,0,2,44,1,69178.26413261076
3,29,2,2,63,0,145659.3705163663
2,27,1,2,40,0,131076.58624946763
0,3,2,1,35,1,94632.28957347012
1,29,1,2,53,0,100127.28594752088
3,2,0,1,44,1,147141.82131007797
0,14,2,0,44,1,91310.18682217276
2,20,1,2,60,1,104004.68407030516
0,16,0,1,47,1,106870.0138572766
0,18,1,3,23,0,103473.04500041057
1,5,2,0,39,1,62396.23914089497
0,8,1,0,32,1,68217.7938380033
0,22,1,1,64,0,101769.99863820703
3,7,1,1,30,1,143623.63037382034
0,10,0,0,29,1,74897.08683666281
3,16,1,1,48,1,151020.75021919367
2,19,1,2,51,1,124268.00578850968
1,22,1,1,43,0,82248.39516968635
0,29,1,0,33,1,109106.93715987806
0,11,2,2,25,1,83567.72459982682
3,19,2,1,60,0,155047.7793414994
3,3,0,2,27,1,104742.20636748728
1,18,1,1,61,1,93896.19857839252
0,4,0,0,36,1,49941.82125200072
2,25,1,0,59,0,109319.14279712806
1,20,2,2,55,0,74842.43454714648
0,17,1,0,62,0,99639.30202363194
2,24,0,0,48,1,110506.98143787218
0,13,1,2,37,0,94955.18311496305
2,4,2,2,57,0,104059.38814386504
0,14,0,0,21,1,68510.99628537285
3,25,1,2,37,0,149072.04868183247
2,3,2,2,50,1,94545.58657932431
3,21,1,1,54,1,150737.56659227243
0,4,2,3,23,1,95820.99778809566
2,18,0,0,53,1,112455.38789447106
3,13,0,0,63,1,115986.15456717256
2,7,1,1,45,0,137105.24731983276
2,11,2,0,21,1,100285.215849479
2,11,0,0,54,1,102655.89286954633
1,6,1,0,59,1,56036.16300950703
3,11,1,2,60,0,141466.7183821242
2,9,1,0,38,0,101144.06013260984
2,16,2,0,61,0,92226.87181943902
3,28,1,3,41,0,163883.35209809509
2,5,2,1,48,1,124184.51486659472
2,20,1,1,21,1,129469.38088931618
1,23,2,2,61,1,95229.6476192084
0,6,1,0,58,0,72686.91363970499
1,4,1,0,32,1,59999.86743162342
3,8,2,0,35,1,115316.16680702324
2,25,0,0,48,1,101638.69873172011
1,25,0,2,45,0,93105.81760583611
1,16,0,3,42,0,68129.67262737315
2,16,2,1,47,1,130152.29063582532
3,11,0,3,33,0,113916.79208132316
0,20,1,0,53,0,106299.82244007823
3,14,2,3,34,1,147979.983232951
2,8,0,3,28,0,110377.79633452596
2,25,1,1,24,1,149751.38410578627
0,6,1,3,41,0,77706.63430665733
0,8,2,3,48,0,92589.53218080327
2,19,0,3,42,0,118085.62268750487
3,8,1,2,34,1,107515.28949271538
0,29,0,2,20,0,112114.27126349953
2,25,1,2,57,1,119815.70949806632
0,1,1,3,29,1,82767.113637445
3,13,2,2,53,0,135362.25489568285
2,8,0,3,60,0,100474.177156632
3,21,1,3,60,1,146451.13003812966
1,9,0,2,27,0,93275.38547002494
0,16,0,0,46,1,87046.82030245801
0,21,0,3,49,1,117683.11059634323
2,5,2,3,37,1,111449.1687754408
2,11,1,1,30,0,118484.31009869062
1,17,0,2,63,0,70097.03589371659
2,21,2,1,53,0,127582.95056575965
0,27,0,3,21,0,83930.42234554206
3,9,2,1,58,0,156315.92505022138
2,17,0,3,39,1,123413.38144972228
1,15,0,1,49,1,93338.51221753072
3,1,0,3,26,0,121281.69873189996
0,21,2,2,25,1,120783.72699879664
2,24,2,1,24,1,143126.71812942385
1,16,1,1,22,1,85460.35259209422
2,13,1,0,60,1,72935.01284992674
0,20,2,0,60,0,94528.34132346758
2,24,1,2,36,0,127318.7778505968
0,24,2,3,27,0,114068.61198539498
1,3,2,0,60,1,69242.2173444676
1,28,2,2,44,0,110948.81166255393
0,14,1,2,43,0,87266.497916228
1,3,0,3,42,1,75312.53559593308
2,18,1,3,61,1,107141.47424819975
1,24,0,1,26,1,104313.19104356626
3,28,1,1,34,0,163634.90480386768
0,14,0,2,59,1,81786.09501652936
2,17,0,2,44,1,105366.0107999351
1,24,2,2,51,0,82436.96531661357
2,6,1,1,40,1,117911.9709065475
3,26,0,0,38,1,132986.72970149666
1,8,1,3,55,0,71257.07865933598
1,2,2,2,52,1,50442.07521036797
0,18,2,1,40,1,122170.53888992124
1,3,0,1,44,0,66921.32051610532
0,29,2,3,52,1,129479.8661479213
1,21,1,0,47,0,70661.73033427619
2,2,2,2,64,1,103270.2395332119
3,5,2,3,56,0,114507.68086755334
3,22,2,1,38,1,149433.19871831877
1,9,2,0,42,1,73396.1439350745
2,29,1,2,54,1,116661.83273973822
0,19,1,1,51,0,108675.6234100105
3,2,0,1,38,1,129220.6003273172
3,23,2,3,34,1,166637.4259282734
1,4,0,1,27,0,77741.37997801583
2,17,0,2,31,0,120102.64603383328
1,4,1,1,30,1,76322.52202468809
2,26,2,3,58,1,138131.76263766392
1,6,2,3,61,0,63967.565446240245
3,2,1,0,42,1,123780.31235143372
2,4,1,0,20,0,95086.48203694854
2,8,1,1,54,0,123441.29098796276
1,2,2,1,37,1,85383.1553922566
1,2,0,1,62,0,86467.92073920323
2,8,0,0,26,1,90855.0489351141
0,26,2,0,23,1,117630.38957754908
3,5,0,1,60,1,126484.77415596208
0,14,2,0,47,1,93221.84607969092
0,13,2,3,32,1,123092.18561174876
0,19,1,0,59,1,84101.852687414
1,28,2,3,41,0,100452.5585344342
2,1,1,1,45,0,124775.05062836432
0,12,1,3,20,1,95621.00301101292
0,20,0,2,63,0,74996.46723835671
3,3,1,1,54,1,127440.40640931044
3,14,0,3,21,1,139809.32588853835
0,5,2,3,63,0,103915.15319989243
3,17,0,0,57,1,129845.55334320996
0,17,0,3,63,0,108464.32013867843
3,11,0,0,45,1,116719.85194936022
2,26,2,3,43,1,138082.33170711008
1,12,2,3,62,0,66811.3134084247
2,4,1,0,24,1,97173.28953702336
0,9,2,2,27,1,95126.80785391098
0,20,1,3,49,0,99167.88705184014
0,15,2,3,21,1,111440.01698894912
0,1,0,1,43,0,72841.11155482176
2,21,1,0,43,0,118510.99597794536
1,21,2,0,44,0,79002.843236208
0,1,2,2,45,1,102106.0853358802
2,3,2,1,25,0,137130.85536865267
3,12,0,2,42,1,137069.8035855853
0,6,1,2,36,0,89173.97096368166
3,22,1,3,51,1,153466.1561391526
0,25,1,3,20,0,98183.68685087073
0,3,2,0,23,1,74649.08699648213
2,8,1,1,53,1,141267.28470660865
1,13,1,0,51,0,48438.3555127691
2,12,2,1,26,1,127497.1816518687
2,20,2,0,20,1,100807.6591918533
3,29,2,2,28,0,163509.51814032128
2,23,2,2,44,0,117342.18671454387
2,2,0,2,26,0,107445.34365931292
2,17,0,3,31,1,112862.375062807
1,19,1,1,24,0,88958.67919836262
3,19,0,1,57,1,161785.29188984665
0,15,2,3,27,0,114388.31726393776
0,22,0,1,45,0,84837.19690782425
3,16,2,0,62,0,135511.40789857198
3,16,0,2,25,0,132001.66878252293
2,6,2,3,57,1,118098.06930900912
3,2,1,2,24,0,110423.41996175224
2,11,1,1,62,1,126284.0844463959
2,3,0,3,32,0,99019.38519034335
0,28,2,1,36,1,130113.23027609976
3,9,1,2,25,0,121976.05737138934
0,24,2,1,33,1,117780.71841761054
3,20,0,3,31,0,141637.70446304613
0,16,2,1,42,1,124024.38910184392
2,8,2,3,62,1,120890.05892395366
2,13,0,3,59,1,107463.57610068769
0,4,1,3,20,1,92362.5402037041
2,2,0,0,44,1,97697.92391858966
1,17,2,1,47,1,112954.0416857619
0,18,0,1,50,0,120075.52584159435
0,17,0,2,44,0,92373.80193359032
3,25,2,3,48,1,144908.75968786114
2,25,0,3,44,0,111344.47273079128
1,27,1,2,50,0,79976.18786280928
3,6,1,1,52,0,126908.15218443835
0,20,0,1,55,0,102152.15270939372
1,27,2,1,42,1,105298.77695248832
1,11,0,3,28,0,66157.89578261097
2,20,0,3,23,0,116720.81943689582
0,18,1,2,56,1,79719.9537270189
3,14,1,0,34,0,126314.6675979321
1,1,2,0,56,1,65965.08051066907
0,23,2,3,37,1,107518.6253221083
2,2,2,1,39,1,129257.55344191214
0,7,0,1,44,1,123627.26713718078
2,10,0,0,44,0,94081.88969865548
0,6,0,1,55,1,102512.10007949529
3,13,0,0,21,0,119967.70090087356
0,11,2,3,32,0,110696.23729224046
3,24,2,3,40,0,136813.50123387904
2,17,2,1,27,1,126430.43232054784
1,28,0,1,42,0,99434.6392807138
1,18,0,0,64,1,71869.62566158465
3,5,2,1,35,0,146305.2402586494
0,29,1,3,52,1,97354.26749032356
0,26,2,1,53,1,117763.86723541604
0,15,0,1,33,1,97052.93882402783
1,14,0,1,21,1,87889.91945003047
2,22,2,3,23,0,124379.61040159572
2,18,1,1,59,0,126191.92895199227
2,7,1,0,56,1,107847.47576637704
1,29,0,2,58,0,92353.1627679859
2,11,0,0,47,1,91867.25194663962
3,6,0,0,54,0,115249.02672349873
3,5,2,0,58,0,101185.1620146866
1,5,0,3,45,1,66983.27059355342
0,21,0,0,36,0,97899.78049795829
2,24,0,1,29,1,139267.8170525735
2,19,1,3,45,1,125010.60844357472
3,19,1,2,20,0,130113.57026527364
1,23,0,0,35,1,61532.07984408598
0,22,1,2,36,1,95209.17594806197
2,11,1,1,62,1,110485.5886176369
1,12,1,1,56,1,103104.58978298244
1,28,1,0,27,0,83642.10640394817
2,28,2,1,43,0,146975.62965786716
0,15,1,1,60,0,103801.95225172662
2,20,1,1,58,0,134296.60379842255
1,17,1,3,57,0,89977.94942262843
3,25,1,2,57,1,150114.47891218946
3,25,2,0,24,0,130963.09069934256
1,2,2,2,54,0,52264.71239826344
1,9,0,3,42,0,89782.29962808275
0,8,1,1,50,1,114365.92857715684
1,6,1,1,53,1,88085.19940828005
0,16,0,3,47,0,94613.5375628263
1,24,2,1,27,0,113240.20338262782
0,10,0,0,33,0,62267.66824168884
2,21,2,0,45,0,131317.6842153504
3,1,0,2,57,1,110642.2777526284
0,24,0,3,51,1,111908.61502158752
3,15,1,3,56,0,146462.17774895177
2,3,0,0,59,0,86684.29088738072
0,20,2,1,28,0,118246.33644902532
2,26,2,3,38,1,148215.83141275984
0,22,0,3,40,0,112264.97404582587
3,5,2,1,45,0,127277.6888001958
2,1,0,3,59,1,84075.94262943542
1,28,1,1,49,1,93537.79379643842
2,27,1,2,22,0,113064.54601700298
0,21,1,2,60,0,84814.7412741277
3,6,1,1,37,0,143721.10643262288
1,27,0,2,60,0,72362.95552866027
1,25,2,1,59,1,117061.2462176217
2,18,0,1,53,1,142528.77765517056
2,5,2,3,23,0,114713.16762502409
1,25,0,1,46,1,111834.57948672894
2,1,2,1,44,0,121242.14310140724
3,18,2,1,50,0,153652.093532501
1,18,0,1,21,0,88647.85739293914
1,9,1,1,62,1,93448.60001993066
2,10,0,0,38,1,78855.39027300103
2,5,1,0,27,1,92914.00677775544
0,10,0,0,63,1,77974.05660316872
2,13,2,2,25,1,116630.8466523854
1,17,1,3,60,0,78315.63656677089
1,4,2,2,57,1,68887.85742643471
0,1,2,2,39,0,83921.21617950863
0,15,2,0,54,0,84080.91886527606
1,24,0,0,41,1,90815.98628938774
0,1,2,3,56,1,95395.50206031308
1,25,0,1,44,0,91688.16649826172
2,29,1,2,50,0,118282.8096652156
1,12,2,3,21,0,92294.08918230917
0,2,1,1,20,0,98020.59791064067
2,19,1,2,44,1,139481.1269781519
1,15,0,3,24,1,70640.75877047912
1,13,1,2,20,0,55573.930615477104
0,9,0,3,56,0,88723.01541166398
0,6,0,2,40,0,77750.67458837443
3,25,1,1,24,0,138815.49365359705
1,3,1,2,25,0,54908.3148561852
2,18,1,0,34,0,104315.84558612404
0,16,0,2,42,1,82312.3646379445
2,4,0,1,35,0,107697.74252369396
3,22,1,0,39,1,118568.0745691156
0,17,0,1,32,1,114580.38051421756
2,19,1,1,59,0,128161.59156010325
1,6,0,3,52,1,55762.98547599145
2,25,0,1,50,0,127400.65732182092
1,23,2,1,40,1,98276.76760253044
2,19,2,1,40,0,140086.47124713028
1,8,1,0,25,0,64683.38986360488
1,24,2,2,30,0,74468.2050198493
2,18,0,0,44,1,98207.02602445568
0,27,1,1,31,0,108544.92271980026
1,25,2,1,41,0,71077.00006577624
